"","Row","MasterGridDataID","ObjLabel","TypeName","IsClosed","FilingDate","NumString","Applicant","Location","Descr","Status","StatusDate","ModifiedDate","PublicDocCount","Zoning","X","Y","HouseNum","HouseNumInt","StreetName","City","St","Zip","Parcel","Guid","Origin","Division","Last.Compliance.Date","Open.Violations","Total.Violations","Date.Received","Date.Certified.Letter.Sent","Date.Letter.Picked.Up","Address","Comments","id","address","city","stateprov","country","name","desc","color","Source.of.Concern","type","era","geometry"
"1",220,147152,"Code Incident","Tall Grass and Weeds","True",2018-06-08,"1806C-0015-TGW","Anonymous","210 Monument Ave","Tall grass and weeds","Tall Weeds and Grass Notice","6/13/2018 4:19:04 PM","6/20/2018 2:55:53 PM",0,"R-1",11374171.43,6839675.5,"210",210,"Monument Ave","Harrisonburg","VA",22801,"011 N 22 23","b8f9c879-788f-4f57-a264-57583ed9656d","Citizen","P&Z","",0,0,NA,NA,NA,NA,NA,NA,NA,NA,NA,NA,NA,NA,NA,NA,NA,NA,c(-78.8796162, 38.4294624)
"2",222,147079,"Code Incident","Tall Grass and Weeds","True",2018-05-31,"1805C-0046-TGW","Anonymous","206 Campbell St","TGW","Tall Weeds and Grass Notice","6/8/2018 10:37:45 AM","6/20/2018 2:56:27 PM",0,"U-R",11377673.98,6845455.75,"206",206,"Campbell St","Harrisonburg","VA",22801,"026 N  1","797c30a7-abf3-437e-8c5a-d72a0dcd78ca","CE Officer","P&Z","",0,0,NA,NA,NA,NA,NA,NA,NA,NA,NA,NA,NA,NA,NA,NA,NA,NA,c(-78.8674701, 38.4453737)
"3",279,147423,"Code Incident","Tall Grass and Weeds","True",2018-07-12,"1807C-0042-TGW","Anonymous","1212 Windsor Rd","Tall grass","Tall Weeds and Grass Notice","7/12/2018 2:43:47 PM","8/10/2018 11:37:12 AM",0,"R-1",11379339.5,6835657.75,"1212",1212,"Windsor Rd","Harrisonburg","VA",22801,"084 E  3","ea3ef331-f863-4654-9b0a-20ef387f5786","Citizen","P&Z","",0,0,NA,NA,NA,NA,NA,NA,NA,NA,NA,NA,NA,NA,NA,NA,NA,NA,c(-78.8615201, 38.4184871)
"4",322,147739,"Code Incident","Tall Grass and Weeds","True",2018-08-30,"1808C-0043-TGW","Anonymous","1351 Little Sorrell Dr","TGW","Correction Notice","8/30/2018 2:15:51 PM","9/14/2018 9:10:43 AM",0,"R-1",11377644.65,6834050.79,"1351",1351,"Little Sorrell Dr","Harrisonburg","VA",22801,"088 H  5","2c88f8cd-644b-4864-b7a1-a4bad110ae64","CE Officer","P&Z","",0,0,NA,NA,NA,NA,NA,NA,NA,NA,NA,NA,NA,NA,NA,NA,NA,NA,c(-78.8674132, 38.414056)
"5",323,147738,"Code Incident","Tall Grass and Weeds","True",2018-08-30,"1808C-0042-TGW","Anonymous","1381 Little Sorrell Dr","TGW ","Correction Notice","8/30/2018 2:28:03 PM","9/14/2018 9:10:47 AM",0,"R-3C",11377947.94,6833939.54,"1381",1381,"Little Sorrell Dr","Harrisonburg","VA",22801,"088 H  8","3ee52a47-bcaf-4e41-a9eb-4aa73239bfbe","CE Officer","P&Z","",0,0,NA,NA,NA,NA,NA,NA,NA,NA,NA,NA,NA,NA,NA,NA,NA,NA,c(-78.8663531, 38.4137539)
"6",324,147737,"Code Incident","Tall Grass and Weeds","True",2018-08-30,"1808C-0041-TGW","Anonymous","1365 Wine Dr","TGW","Correction Notice","8/30/2018 2:31:07 PM","9/14/2018 9:10:51 AM",0,"R-1",11377872.14,6833732.91,"1365",1365,"Wine Dr","Harrisonburg","VA",22801,"088 I  6","dd41dc26-6b53-49d8-9e83-211f2bf706f5","CE Officer","P&Z","",0,0,NA,NA,NA,NA,NA,NA,NA,NA,NA,NA,NA,NA,NA,NA,NA,NA,c(-78.8666148, 38.4131856)
"7",325,147736,"Code Incident","Tall Grass and Weeds","True",2018-08-30,"1808C-0040-TGW","Anonymous","1375 Wine Dr","TGW","Correction Notice","8/30/2018 2:32:20 PM","9/14/2018 9:10:55 AM",0,"R-3C",11377977.13,6833763.19,"1375",1375,"Wine Dr","Harrisonburg","VA",22801,"088 I  7","2a08cdeb-6bdd-4ec6-bdcc-0f5bef44ca3c","CE Officer","P&Z","",0,0,NA,NA,NA,NA,NA,NA,NA,NA,NA,NA,NA,NA,NA,NA,NA,NA,c(-78.8662488, 38.4132699)
"8",326,147735,"Code Incident","Tall Grass and Weeds","True",2018-08-30,"1808C-0039-TGW","Anonymous","1335 Port Republic Rd","TGW","Correction Notice","8/30/2018 2:33:42 PM","9/14/2018 9:11:00 AM",0,"B-2C",11378081.26,6834364.97,"1335",1335,"Port Republic Rd","Harrisonburg","VA",22801,"088 G  7","7314f937-3f00-4727-925e-64a622246170","CE Officer","P&Z","",0,0,NA,NA,NA,NA,NA,NA,NA,NA,NA,NA,NA,NA,NA,NA,NA,NA,c(-78.8658937, 38.4149235)
"9",337,147794,"Code Incident","Tall Grass and Weeds","True",2018-09-06,"1809C-0004-TGW","","564 Norwood St","","Tall Weeds and Grass Notice","9/11/2018 11:28:19 AM","10/9/2018 12:21:50 PM",0,"",11380781.37,6845337.4,"564",564,"Norwood St","Harrisonburg","VA",22801,"","7074348e-461d-4630-967b-3bc3ec17b8df","Citizen","P&Z","",0,0,NA,NA,NA,NA,NA,NA,NA,NA,NA,NA,NA,NA,NA,NA,NA,NA,c(-78.8566187, 38.4450824)
"10",340,147757,"Code Incident","Tall Grass and Weeds","True",2018-09-04,"1809C-0002-TGW","Anonymous","210 Chicago Ave","Tall grass","Tall Weeds and Grass Notice","9/6/2018 9:28:11 AM","10/9/2018 12:34:10 PM",0,"R-2",11375874.89,6848121.3,"210",210,"Chicago Ave","Harrisonburg","VA",22802,"035 N  9","207da421-5dbf-4e51-b969-d1e18fa825fa","Citizen","P&Z","",0,0,NA,NA,NA,NA,NA,NA,NA,NA,NA,NA,NA,NA,NA,NA,NA,NA,c(-78.8737898, 38.4526732)
"11",343,147666,"Code Incident","Tall Grass and Weeds","True",2018-08-20,"1808C-0018-TGW","Anonymous","1888 Shenstone Dr","TGW","Correction Notice","9/13/2018 9:09:55 AM","10/9/2018 3:44:42 PM",0,"R-1",11370322.43,6849563.4,"1888",1888,"Shenstone Dr","Harrisonburg","VA",22802,"124 M  1","96c65f3e-ebfd-4d9d-8c2e-915dbe8c3ee9","CE Officer","P&Z","",0,0,NA,NA,NA,NA,NA,NA,NA,NA,NA,NA,NA,NA,NA,NA,NA,NA,c(-78.8932003, 38.4565694)
"12",355,147733,"Code Incident","Tall Grass and Weeds","True",2018-08-29,"1808C-0037-TGW","Anonymous","1871 Manor Dr","TGW ","Correction Notice","8/29/2018 3:04:18 PM","10/9/2018 4:03:43 PM",0,"R-1",11374088.4,6834595.99,"1871",1871,"Manor Dr","Harrisonburg","VA",22801,"093 F  2","11a8102a-a9a8-40ad-8481-0e661d1df00e","CE Officer","P&Z","",0,0,NA,NA,NA,NA,NA,NA,NA,NA,NA,NA,NA,NA,NA,NA,NA,NA,c(-78.8798327, 38.4155134)
"13",368,147585,"Code Incident","Tall Grass and Weeds","True",2018-08-01,"1808C-0002-TGW","Anonymous","1123 S High St","Tall grass and mattress","Correction Notice","8/2/2018 11:15:32 AM","10/10/2018 1:21:20 PM",0,"M-1",11370714.3,6842402.42,"1123",1123,"S High St","Harrisonburg","VA",22801,"020 B  6-A","3c0d21ad-38dc-4336-9fea-2fdace053c79","CE Officer","P&Z","",0,0,NA,NA,NA,NA,NA,NA,NA,NA,NA,NA,NA,NA,NA,NA,NA,NA,c(-78.8917251, 38.4369104)
"14",370,147694,"Code Incident","Tall Grass and Weeds","True",2018-08-24,"1808C-0024-TGW","Anonymous","116 Pleasant Hill Rd","TGW","Correction Notice","8/24/2018 8:12:51 AM","10/10/2018 1:21:35 PM",0,"R-2",11369489.68,6839832.35,"116",116,"Pleasant Hill Rd","Harrisonburg","VA",22801,"009 E  5","0de23e81-9f21-4305-a07c-be334e65a048","CE Officer","P&Z","",0,0,NA,NA,NA,NA,NA,NA,NA,NA,NA,NA,NA,NA,NA,NA,NA,NA,c(-78.8959618, 38.4298387)
"15",374,147741,"Code Incident","Tall Grass and Weeds","True",2018-08-30,"1808C-0044-TGW","Anonymous","1341 Little Sorrell Dr","TGW","Correction Notice","8/30/2018 2:11:33 PM","10/12/2018 10:16:51 AM",0,"R-1",11377569.93,6834022.21,"1341",1341,"Little Sorrell Dr","Harrisonburg","VA",22801,"088 H  4","fac3ed81-9cf2-4339-93a9-4c19474733d7","CE Officer","P&Z","",0,0,NA,NA,NA,NA,NA,NA,NA,NA,NA,NA,NA,NA,NA,NA,NA,NA,c(-78.8676736, 38.4139767)
"16",383,147754,"Code Incident","Tall Grass and Weeds","True",2018-09-04,"1809C-0001-TGW","Anonymous","723 N Liberty St","Tall grass over 3 feet tall!","Tall Weeds and Grass Notice","9/6/2018 10:20:31 AM","10/18/2018 10:12:32 AM",0,"R-2",11377753.21,6850304.25,"723",723,"N Liberty St","Harrisonburg","VA",22802,"040 S  9","cd226904-82c8-4000-bdf8-b716e26dcbdd","Citizen","P&Z","",0,0,NA,NA,NA,NA,NA,NA,NA,NA,NA,NA,NA,NA,NA,NA,NA,NA,c(-78.8672612, 38.4586882)
"17",388,147930,"Code Incident","Tall Grass and Weeds","True",2018-09-20,"1809C-0026-TGW","Anonymous","685 E Wolfe St","Grass is over 20""","Tall Weeds and Grass Notice","9/26/2018 9:42:36 AM","10/24/2018 8:33:33 AM",0,"B-2",11380943.07,6846995.4,"685",685,"E Wolfe St","Harrisonburg","VA",22802,"033 V 15","9a28b692-b387-4c7f-a9cb-d1a323655873","CE Officer","P&Z","",0,0,NA,NA,NA,NA,NA,NA,NA,NA,NA,NA,NA,NA,NA,NA,NA,NA,c(-78.8560766, 38.4496369)
"18",427,147225,"Code Incident","Tall Grass and Weeds","True",2018-06-21,"1806C-0027-TGW","Anonymous","1284 Old Richmond Cir","Tall grass and weeds","2nd Notice - TGW","9/18/2018 12:27:45 PM","12/19/2018 8:41:49 AM",0,"R-4",11382486.45,6850070.96,"1284",1284,"Old Richmond Cir","Harrisonburg","VA",22802,"042 O 26","374f8bb8-713a-465e-bfc2-71b0214ef271","Citizen","P&Z","",0,0,NA,NA,NA,NA,NA,NA,NA,NA,NA,NA,NA,NA,NA,NA,NA,NA,c(-78.8507284, 38.4580985)
"19",428,147931,"Code Incident","Tall Grass and Weeds","True",2018-09-20,"1809C-0027-TGW","Anonymous","309 W Water St","Tall grass and weeds","2nd Notice - TGW","10/22/2018 2:38:43 PM","12/19/2018 8:42:25 AM",0,"R-2",11375655.83,6846803.4,"309",309,"W Water St","Harrisonburg","VA",22801,"025 A 23","93609464-7d4f-4c0e-bb75-1ed9e2f2be15","CE Officer","P&Z","",0,0,NA,NA,NA,NA,NA,NA,NA,NA,NA,NA,NA,NA,NA,NA,NA,NA,c(-78.8745359, 38.4490519)
"20",442,147104,"Code Incident","Tall Grass and Weeds","True",2018-06-05,"1806C-0006-TGW","Anonymous","70 Baxter Dr","tgw","Tall Weeds and Grass Notice","8/1/2018 4:11:42 PM","1/23/2019 9:19:18 AM",0,"B-2",11366849.93,6833789.33,"70",70,"Baxter Dr","Harrisonburg","VA",22801,"001 C 11","99476093-ff68-498e-9ef8-2c38e89d26c4","CE Officer","P&Z","6/19/2018 12:00:00 AM",1,1,NA,NA,NA,NA,NA,NA,NA,NA,NA,NA,NA,NA,NA,NA,NA,NA,c(-78.9050837, 38.4132133)
"21",523,149437,"Code Incident","Tall Grass and Weeds","True",2019-04-30,"1904C-0029-TGW","Anonymous","683 N Liberty St","tgw","Tall Weeds and Grass Notice","4/30/2019 4:22:36 PM","5/13/2019 2:30:03 PM",0,"R-2",11377701.04,6849991.8,"683",683,"N Liberty St","Harrisonburg","VA",22802,"040 S  4","38d10006-3d2f-4d9e-b765-67a91f9acbc8","CE Officer","P&Z","",0,0,NA,NA,NA,NA,NA,NA,NA,NA,NA,NA,NA,NA,NA,NA,NA,NA,c(-78.8674391, 38.4578297)
"22",532,149596,"Code Incident","Tall Grass and Weeds","True",2019-05-16,"1905C-0032-TGW","Anonymous","1177 Nelson Dr","Tall grass","Tall Weeds and Grass Notice","5/16/2019 9:20:42 AM","5/20/2019 11:31:11 AM",0,"R-1",11379473.72,6835342.54,"1177",1177,"Nelson Dr","Harrisonburg","VA",22801,"084 E  7","81819eb3-f98a-4cae-af67-684121dc5878","CE Officer","P&Z","",0,0,NA,NA,NA,NA,NA,NA,NA,NA,NA,NA,NA,NA,NA,NA,NA,NA,c(-78.8610473, 38.417623)
"23",533,149644,"Code Incident","Tall Grass and Weeds","True",2019-05-22,"1905C-0042-TGW","Anonymous","908 Circle Dr","Tall grass","Verbal Notice","5/22/2019 1:32:00 PM","5/22/2019 1:32:47 PM",0,"R-1",11371020.42,6845758.78,"908",908,"Circle Dr","Harrisonburg","VA",22801,"022 D 30","810f1ef7-c859-4a42-95bf-8c9a10ef902f","Citizen","P&Z","",0,0,NA,NA,NA,NA,NA,NA,NA,NA,NA,NA,NA,NA,NA,NA,NA,NA,c(-78.8907062, 38.4461304)
"24",543,149526,"Code Incident","Tall Grass and Weeds","True",2019-05-08,"1905C-0014-TGW","Anonymous","448 W Bruce St","TGW","Tall Weeds and Grass Notice","5/22/2019 4:41:35 PM","6/4/2019 10:51:49 AM",0,"R-2",11374784.95,6846693.14,"448",448,"W Bruce St","Harrisonburg","VA",22801,"036 S  5","be7d3aa1-e87e-489e-b633-7411643051fc","CE Officer","P&Z","",0,0,NA,NA,NA,NA,NA,NA,NA,NA,NA,NA,NA,NA,NA,NA,NA,NA,c(-78.8775753, 38.4487393)
"25",574,149634,"Code Incident","Tall Grass and Weeds","True",2019-05-21,"1905C-0040-TGW","Anonymous","677 N Liberty St","Tall grass in rear yard","Tall Weeds and Grass Notice","5/21/2019 12:33:29 PM","6/11/2019 8:44:42 AM",0,"R-2",11377688.38,6849947.4,"677",677,"N Liberty St","Harrisonburg","VA",22802,"040 S  3","da1f827c-0f27-4b20-9e47-e6afec4cceec","Citizen","P&Z","",0,0,NA,NA,NA,NA,NA,NA,NA,NA,NA,NA,NA,NA,NA,NA,NA,NA,c(-78.8674826, 38.4577076)
"26",593,149693,"Code Incident","Tall Grass and Weeds","True",2019-05-30,"1905C-0049-TGW","Anonymous","304 Monument Ave","Tall grass","Tall Weeds and Grass Notice","5/30/2019 11:34:37 AM","6/21/2019 9:33:51 AM",0,"R-1",11374265.82,6839269.57,"304",304,"Monument Ave","Harrisonburg","VA",22801,"","7a0fd113-0c71-4527-9a56-1312c3adbb1e","Citizen","P&Z","",0,0,NA,NA,NA,NA,NA,NA,NA,NA,NA,NA,NA,NA,NA,NA,NA,NA,c(-78.8792809, 38.4283488)
"27",595,149633,"Code Incident","Tall Grass and Weeds","True",2019-05-21,"1905C-0039-TGW","Anonymous","727 Madison St","","Correction Notice","5/29/2019 8:53:39 AM","6/21/2019 9:37:03 AM",0,"R-2",11378682.71,6850197.91,"727",727,"Madison St","Harrisonburg","VA",NA,"040 P  1","43323b90-1b26-4754-95b3-a25e31d8caf2","CE Officer","P&Z","",0,0,NA,NA,NA,NA,NA,NA,NA,NA,NA,NA,NA,NA,NA,NA,NA,NA,c(-78.8640137, 38.4584064)
"28",598,149710,"Code Incident","Tall Grass and Weeds","True",2019-05-31,"1905C-0055-TGW","City of Harrisonburg Public Works","801 N Main St","Tall grass","Tall Weeds and Grass Notice","5/31/2019 2:00:10 PM","6/21/2019 2:19:53 PM",0,"M-1",11379513.61,6850010.27,"801",801,"N Main St","Harrisonburg","VA",22802,"041 L  1","09a88879-9a56-41f1-93ba-6213b3a85a99","Public Works","P&Z","",0,0,NA,NA,NA,NA,NA,NA,NA,NA,NA,NA,NA,NA,NA,NA,NA,NA,c(-78.8611094, 38.4579002)
"29",603,149828,"Code Incident","Tall Grass and Weeds","True",2019-06-17,"1906C-0020-TGW","Anonymous","1200 Portland Dr","TGW","Tall Weeds and Grass Notice","6/20/2019 12:05:37 PM","6/25/2019 10:57:21 AM",0,"R-1",11378396.03,6833861.37,"1200",1200,"Portland Dr","Harrisonburg","VA",22801,"088 E  3","2265568f-e0a3-4ec1-9675-99c40991b5fb","CE Officer","P&Z","",0,0,NA,NA,NA,NA,NA,NA,NA,NA,NA,NA,NA,NA,NA,NA,NA,NA,c(-78.8647882, 38.4135441)
"30",614,149802,"Code Incident","Tall Grass and Weeds","True",2019-06-12,"1906C-0013-TGW","Anonymous","77 Rockbridge Cir","Tall grass","Tall Weeds and Grass Notice","6/20/2019 12:29:21 PM","7/10/2019 2:45:46 PM",0,"R-2",11372142.65,6841400.2,"77",77,"Rockbridge Cir","Harrisonburg","VA",22801,"019 F 11","7aaebdbd-98b6-409a-9752-37dbcb2a336a","Citizen","P&Z","",0,0,NA,NA,NA,NA,NA,NA,NA,NA,NA,NA,NA,NA,NA,NA,NA,NA,c(-78.8867237, 38.434175)
"31",618,149927,"Code Incident","Tall Grass and Weeds","True",2019-07-01,"1907C-0002-TGW","Anonymous","823 Greenbriar Dr","TGW","Tall Weeds and Grass Notice","7/1/2019 2:05:20 PM","7/12/2019 9:33:26 AM",0,"R-1",11376329.32,6838852.37,"823",823,"Greenbriar Dr","Harrisonburg","VA",22801,"012 K  4","7ca17be4-3e56-418f-ab2b-8844e1f75c47","CE Officer","P&Z","",0,0,NA,NA,NA,NA,NA,NA,NA,NA,NA,NA,NA,NA,NA,NA,NA,NA,c(-78.8720717, 38.4272263)
"32",737,149740,"Code Incident","Tall Grass and Weeds","True",2019-06-04,"1906C-0005-TGW","Anonymous","1021 Edom Rd","TGW","Correction Notice","6/21/2019 11:11:12 AM","10/9/2019 2:22:02 PM",0,"M-1",11377732.15,6850994.47,"1021",1021,"Edom Rd","Harrisonburg","VA",22802,"040 J 14","53a560ed-9464-4b99-806c-dbb4cd5f8833","CE Officer","P&Z","",0,0,NA,NA,NA,NA,NA,NA,NA,NA,NA,NA,NA,NA,NA,NA,NA,NA,c(-78.8673444, 38.4605833)
"33",747,216577,"Code Incident","Tall Grass and Weeds","True",2019-09-19,"1909C-0027-TGW","Anonymous","2289 Pearl Ln","Tall grass","Tall Weeds and Grass Notice","9/19/2019 4:28:14 PM","10/9/2019 4:48:29 PM",0,"R-3",11383124.42,6836731.77,"2289",2289,"Pearl Ln","Harrisonburg","VA",22801,"080 E  2","aa1fb6a0-53d1-4837-a0a0-ac15a2c1a39d","Citizen","P&Z","",0,0,NA,NA,NA,NA,NA,NA,NA,NA,NA,NA,NA,NA,NA,NA,NA,NA,c(-78.8483237, 38.4214765)
"34",760,216944,"Code Incident","Tall Grass and Weeds","True",2019-09-12,"1910C-0023-TGW","Susan L Schuckman","1246 Goldfinch Dr Apt C","Tall grass","Door Hanger","10/13/2019 10:27:05 AM","10/24/2019 10:43:01 AM",0,"R-3",11384448.82,6847256.3,"1246",1246,"Goldfinch Dr","Harrisonburg","VA",22802,"031 I 23-C","dcf7fd8f-6bec-41ab-bf48-38a6dfa55921","Citizen","P&Z","",0,0,NA,NA,NA,NA,NA,NA,NA,NA,NA,NA,NA,NA,NA,NA,NA,NA,c(-78.8438386, 38.45039)
"35",775,216535,"Code Incident","Tall Grass and Weeds","True",2019-09-13,"1909C-0023-TGW","Anonymous","1080 Park Rd","Tall grass","Tall Weeds and Grass Notice","9/13/2019 4:12:36 PM","11/8/2019 1:50:22 PM",0,"B-2",11374445.98,6853713.51,"1080",1080,"Park Rd","Harrisonburg","VA",22802,"048 D 29","9e6313cb-d55b-4982-a5f6-b03394060b0d","Citizen","P&Z","",0,0,NA,NA,NA,NA,NA,NA,NA,NA,NA,NA,NA,NA,NA,NA,NA,NA,c(-78.87886, 38.4680129)
"36",831,149714,"Code Incident","Tall Grass and Weeds","True",2019-06-03,"1906C-0001-TGW","Anonymous","2125 Whispering Springs Rd","Tall grass","2nd Notice - TGW","11/21/2019 2:36:24 PM","1/8/2020 8:51:10 AM",0,"R-1",11372504.77,6834213.53,"2125",2125,"Whispering Springs Rd","Harrisonburg","VA",22801,"003 C 24","ce2651a6-a6f5-4acd-843a-3a27dcbf0ac0","Citizen","P&Z","",0,0,NA,NA,NA,NA,NA,NA,NA,NA,NA,NA,NA,NA,NA,NA,NA,NA,c(-78.8853542, 38.414445)
"37",885,216486,"Code Incident","Tall Grass and Weeds","True",2019-09-10,"1909C-0005-TGW","Anonymous","70 Baxter Dr","tall grass rear of property","2nd Notice - TGW","11/22/2019 10:33:58 AM","2/10/2020 10:04:24 AM",0,"B-2",11366849.93,6833789.33,"70",70,"Baxter Dr","Harrisonburg","VA",22801,"001 C 11","fffc374c-ae9d-46a7-9801-f8c96615b4e7","Citizen","P&Z","",0,0,NA,NA,NA,NA,NA,NA,NA,NA,NA,NA,NA,NA,NA,NA,NA,NA,c(-78.9050837, 38.4132133)
"38",942,218683,"Code Incident","Tall Grass and Weeds","True",2020-04-13,"2004C-0011-TGW","Jim Richardson","450 Myers Ave","Tall grass and weeds","Verbal Notice","5/4/2020 2:34:46 PM","5/12/2020 8:28:47 AM",0,"R-1",11379123.36,6844334.14,"450",450,"Myers Ave","Harrisonburg","VA",22801,"027 V  7","aef68a75-9f5c-44db-95a4-7d57df62ab8b","Citizen","P&Z","",0,0,NA,NA,NA,NA,NA,NA,NA,NA,NA,NA,NA,NA,NA,NA,NA,NA,c(-78.862394, 38.4423097)
"39",953,218713,"Code Incident","Tall Grass and Weeds","True",2020-04-28,"2004C-0014-TGW","Anonymous","206 Campbell St","Tall grass","Return Receipt Rc'd","5/18/2020 4:12:09 PM","5/22/2020 4:59:48 PM",0,"U-R",11377673.98,6845455.75,"206",206,"Campbell St","Harrisonburg","VA",22801,"026 N  1","2c0251e3-17f4-4666-be21-f55eb9c2e96d","Citizen","P&Z","",0,0,NA,NA,NA,NA,NA,NA,NA,NA,NA,NA,NA,NA,NA,NA,NA,NA,c(-78.8674701, 38.4453737)
"40",961,218878,"Code Incident","Tall Grass and Weeds","True",2020-05-21,"2005C-0019-TGW","Anonymous","824 Honeysuckle Ln","Tall grass almost 2 feet","Tall Weeds and Grass Notice","5/22/2020 3:41:44 PM","6/2/2020 3:27:45 PM",0,"R-1",11382696.11,6845639.7,"824",824,"Honeysuckle Ln","Harrisonburg","VA",22802,"028 O 10","828d296e-ee3c-4c99-94db-e086ec110032","Citizen","P&Z","",0,0,NA,NA,NA,NA,NA,NA,NA,NA,NA,NA,NA,NA,NA,NA,NA,NA,c(-78.8499373, 38.4459327)
"41",962,218677,"Code Incident","Tall Grass and Weeds","True",2020-05-04,"2005C-0002-TGW","Anonymous","2125 Whispering Springs Rd","Tall grass ","Tall Weeds and Grass Notice","5/6/2020 4:32:08 PM","6/4/2020 9:05:58 AM",0,"R-1",11372504.77,6834213.53,"2125",2125,"Whispering Springs Rd","Harrisonburg","VA",22801,"003 C 24","f085fedc-e832-46b0-aa9f-228ea49a10e7","Citizen","P&Z","",0,0,NA,NA,NA,NA,NA,NA,NA,NA,NA,NA,NA,NA,NA,NA,NA,NA,c(-78.8853542, 38.414445)
"42",969,218910,"Code Incident","Tall Grass and Weeds","True",2020-05-27,"2005C-0027-TGW","Anonymous","2051 Willow Hill Dr","Entire end of Willow Hill Drive on left side tall grass","Tall Weeds and Grass Notice","6/2/2020 4:11:20 PM","6/10/2020 10:25:02 AM",0,"R-2",11368744.43,6838458.62,"2051",2051,"Willow Hill Dr","Harrisonburg","VA",22801,"008 H 15","ad4517b5-510b-420a-93b0-e865447539e9","Citizen","P&Z","",0,0,NA,NA,NA,NA,NA,NA,NA,NA,NA,NA,NA,NA,NA,NA,NA,NA,c(-78.8985425, 38.4260577)
"43",970,218899,"Code Incident","Tall Grass and Weeds","True",2020-05-26,"2005C-0024-TGW","Anonymous","1210 Goldfinch Dr","Tall grass ","Door Hanger","5/27/2020 8:45:00 AM","6/10/2020 10:25:22 AM",0,"R-3",11384354.22,6847457.21,"1210",1210,"Goldfinch Dr","Harrisonburg","VA",22802,"031 G 31","06a9ea20-8551-459c-b5f6-036005e944a4","Citizen","P&Z","",0,0,NA,NA,NA,NA,NA,NA,NA,NA,NA,NA,NA,NA,NA,NA,NA,NA,c(-78.8441715, 38.4509407)
"44",984,218964,"Code Incident","Tall Grass and Weeds","True",2020-06-01,"2006C-0002-TGW","Anonymous","714 Greenbriar Dr","Tall grass about 2 ft tall ","Tall Weeds and Grass Notice","6/2/2020 3:27:51 PM","6/25/2020 10:53:33 AM",0,"R-1",11376190.87,6839222.4,"714",714,"Greenbriar Dr","Harrisonburg","VA",22801,"012 I  3","ecc8d443-923b-43df-b2ff-7295f2d5d7f0","Citizen","P&Z","",0,0,NA,NA,NA,NA,NA,NA,NA,NA,NA,NA,NA,NA,NA,NA,NA,NA,c(-78.8725603, 38.4282409)
"45",1008,219243,"Code Incident","Tall Grass and Weeds","True",2020-07-10,"2007C-0014-TGW","Anonymous","685 E Wolfe St","Tall grass and weeds","Tall Weeds and Grass Notice","7/10/2020 10:27:26 AM","7/20/2020 10:21:27 AM",0,"B-2",11380945.91,6846994.57,"685",685,"E Wolfe St","Harrisonburg","VA",22802,"033 V 15","1d6cd955-30a3-4a22-971f-878371d6447a","Citizen","P&Z","",0,0,NA,NA,NA,NA,NA,NA,NA,NA,NA,NA,NA,NA,NA,NA,NA,NA,c(-78.8560667, 38.4496346)
"46",1020,219480,"Code Incident","Tall Grass and Weeds","True",2020-08-05,"2008C-0002-TGW","Anonymous","945 Drake Ln","Tall grass","Tall Weeds and Grass Notice","8/5/2020 3:11:22 PM","8/14/2020 3:11:13 PM",0,"R-7",11378743.53,6851438.09,"945",945,"Drake Ln","Harrisonburg","VA",22802,"040 B 49","b212cff0-f589-4ea7-bd65-5ec31886602e","Citizen","P&Z","",0,0,NA,NA,NA,NA,NA,NA,NA,NA,NA,NA,NA,NA,NA,NA,NA,NA,c(-78.8638185, 38.4618125)
"47",1027,219477,"Code Incident","Tall Grass and Weeds","True",2020-08-05,"2008C-0001-TGW","Anonymous","2125 Whispering Springs Rd","Tall grass","Tall Weeds and Grass Notice","8/25/2020 9:00:04 AM","8/25/2020 9:00:10 AM",0,"R-1",11372504.77,6834213.53,"2125",2125,"Whispering Springs Rd","Harrisonburg","VA",22801,"003 C 24","27e23a78-71a8-4b61-8aca-85e216e8b3e9","Citizen","P&Z","",0,0,NA,NA,NA,NA,NA,NA,NA,NA,NA,NA,NA,NA,NA,NA,NA,NA,c(-78.8853542, 38.414445)
"48",1034,219753,"Code Incident","Tall Grass and Weeds","True",2020-08-17,"2008C-0015-TGW","","150 South Ave","Tall grass","Door Hanger","9/4/2020 8:45:05 AM","9/4/2020 9:18:06 AM",0,"R-2",11371711.01,6842318.56,"150",150,"South Ave","Harrisonburg","VA",22801,"019 K  4","9d2a3917-da51-401b-adf7-03eb06d46f0a","Citizen","P&Z","",0,0,NA,NA,NA,NA,NA,NA,NA,NA,NA,NA,NA,NA,NA,NA,NA,NA,c(-78.8882442, 38.4366918)
"49",1045,219237,"Code Incident","Tall Grass and Weeds","True",2020-07-09,"2007C-0012-TGW","","2201 Reservoir St","","Tall Weeds and Grass Notice","7/9/2020 4:09:31 PM","9/17/2020 10:07:47 AM",0,"R-3",11381622.75,6836769.89,"2201",2201,"Reservoir St","Harrisonburg","VA",22801,"080 A 15","0559c42a-2629-4f75-925a-4a7fd6992a87","Citizen","P&Z","",0,0,NA,NA,NA,NA,NA,NA,NA,NA,NA,NA,NA,NA,NA,NA,NA,NA,c(-78.8535658, 38.4215654)
"50",1061,219876,"Code Incident","Tall Grass and Weeds","True",2020-09-08,"2009C-0016-JNK","Anonymous","441 Queen Anne Ct","Tall grass","Tall Weeds and Grass Notice","9/8/2020 5:01:32 PM","10/15/2020 8:31:35 AM",0,"R-3",11368253.82,6841897.26,"441",441,"Queen Anne Ct","Harrisonburg","VA",22801,"021 H  8","2e26123e-4190-4b8c-a727-e3d3d1054fad","Citizen","P&Z","",0,0,NA,NA,NA,NA,NA,NA,NA,NA,NA,NA,NA,NA,NA,NA,NA,NA,c(-78.9003074, 38.4354941)
"51",1066,220505,"Code Incident","Tall Grass and Weeds","True",2020-10-05,"2010C-0001-TGW","Anonymous","2125 Whispering Springs Rd","Tall grass","Violations Remedied","10/19/2020 3:45:00 PM","10/21/2020 9:21:59 AM",0,"R-1",11372504.77,6834213.53,"2125",2125,"Whispering Springs Rd","Harrisonburg","VA",22801,"003 C 24","005a09c0-36a2-44de-a8db-fa684765e4c9","Citizen","P&Z","",0,0,NA,NA,NA,NA,NA,NA,NA,NA,NA,NA,NA,NA,NA,NA,NA,NA,c(-78.8853542, 38.414445)
"52",1231,226532,"Code Incident","Tall Grass and Weeds","True",2021-06-15,"2106C-0018-TGW","Anonymous","1080 Starcrest Dr","Tall grass on property.","Return Receipt Rc'd","6/17/2021 12:00:00 AM","7/8/2021 10:11:42 AM",0,NA,-1,-1,"",0,"","","",NA,"","5d3c5c5d-ada3-4a69-a8a3-1a7989210c21","Citizen","P&Z","6/29/2021 12:00:00 AM",1,1,NA,NA,NA,NA,NA,NA,NA,NA,NA,NA,NA,NA,NA,NA,NA,NA,c(-1, -1)
"53",1246,226743,"Code Incident","Tall Grass and Weeds","True",2021-07-01,"2107C-0002-TGW","Anonymous","580 Alleghany Ave","Tall grass on property.","Return Receipt Rc'd","7/20/2021 9:04:36 AM","7/20/2021 9:06:05 AM",0,NA,11383217.21,6844442.05,"560",560,"Alleghany Ave","Harrisonburg","VA",22802,"029 E 24","6b8c1d75-40b9-4933-82a4-fd22a3c3cb35","Citizen","P&Z","7/15/2021 12:00:00 AM",1,1,NA,NA,NA,NA,NA,NA,NA,NA,NA,NA,NA,NA,NA,NA,NA,NA,c(-78.8477833, 38.4428917)
"54",1249,226514,"Code Incident","Tall Grass and Weeds","True",2021-06-14,"2106C-0017-TGW","Anonymous","301 Pointe Dr","Tall grass on property.","Return Receipt Rc'd","7/10/2021 12:00:00 AM","7/21/2021 1:32:59 PM",0,NA,11367884.79,6834769.67,"301",301,"Pointe Dr","Harrisonburg","VA",22801,"001 D  8","7c8f7cef-6fcd-4943-bba2-a7fb0a473f08","Citizen","P&Z","6/28/2021 12:00:00 AM",1,1,NA,NA,NA,NA,NA,NA,NA,NA,NA,NA,NA,NA,NA,NA,NA,NA,c(-78.9014869, 38.4159178)
"55",1254,226830,"Code Incident","Tall Grass and Weeds","True",2021-07-14,"2107C-0019-TGW","Anonymous","1640 Central Ave","Tall grass on the property.","Return Receipt Rc'd","7/20/2021 12:00:00 AM","7/28/2021 4:09:22 PM",0,NA,11371270.08,6840135.43,"1640",1640,"Central Ave","Harrisonburg","VA",22801,"010 L 17","235e2c93-15f0-4818-bb49-93201285da38","Citizen","P&Z","7/28/2021 12:00:00 AM",1,1,NA,NA,NA,NA,NA,NA,NA,NA,NA,NA,NA,NA,NA,NA,NA,NA,c(-78.8897512, 38.4306919)
"56",1255,226767,"Code Incident","Tall Grass and Weeds","True",2021-07-06,"2107C-0012-TGW","E Piker Linda Piker Charles","823 Greenbriar Dr","TGW on vacant lot","Return Receipt Rc'd","7/15/2021 12:00:00 AM","7/28/2021 4:10:01 PM",0,NA,11376310.52,6838839.41,"823",823,"Greenbriar Dr","Harrisonburg","VA",22801,"012 K  4","8a137736-0cdb-4a96-b3ee-8e916e647d95","Citizen","P&Z","",0,0,NA,NA,NA,NA,NA,NA,NA,NA,NA,NA,NA,NA,NA,NA,NA,NA,c(-78.8721372, 38.4271905)
"57",1256,226745,"Code Incident","Tall Grass and Weeds","True",2021-07-01,"2107C-0003-TGW","Anonymous","77 Rockbridge Cir","Tall grass on property.","Return Receipt Rc'd","7/6/2021 12:00:00 AM","7/28/2021 4:10:33 PM",0,NA,11372151.96,6841404.98,"77",77,"Rockbridge Cir","Harrisonburg","VA",22801,"019 F 11","dbcfc9d0-d1c5-40cb-8497-61dcfd02feda","Citizen","P&Z","7/15/2021 12:00:00 AM",1,1,NA,NA,NA,NA,NA,NA,NA,NA,NA,NA,NA,NA,NA,NA,NA,NA,c(-78.8866913, 38.4341883)
"58",1261,222538,"Code Incident","Tall Grass and Weeds","True",2021-05-10,"2105C-0003-TGW","Anonymous","723 N Liberty St","Grass is high needs mowed. Junk around the yard. ","Return Receipt Rc'd","6/4/2021 12:00:00 AM","7/29/2021 3:45:00 PM",0,NA,11377753.21,6850304.25,"723",723,"N Liberty St","Harrisonburg","VA",22802,"040 S  9","a059a5c8-9e3e-4012-92b1-4e9b16f0772b","Citizen","P&Z","",0,0,NA,NA,NA,NA,NA,NA,NA,NA,NA,NA,NA,NA,NA,NA,NA,NA,c(-78.8672612, 38.4586882)
"59",1328,227871,"Code Incident","Tall Grass and Weeds","True",2021-09-10,"2109C-0007-TGW","Anonymous","711 Foley Rd","Tall grass on property.","Return Receipt Rc'd","9/14/2021 12:00:00 AM","9/24/2021 10:22:19 AM",0,NA,11381279.11,6836837.24,"711",711,"Foley Rd","Harrisonburg","VA",22801,"084 A  2","12d966f1-d29d-4d36-8426-a910eafcc14e","Citizen","P&Z","9/24/2021 12:00:00 AM",1,1,NA,NA,NA,NA,NA,NA,NA,NA,NA,NA,NA,NA,NA,NA,NA,NA,c(-78.8547661, 38.4217467)
"60",1339,226219,"Code Incident","Tall Grass and Weeds","True",2021-05-17,"2105C-0011-TGW","Anonymous","727 N Liberty St","Tall grass and weeds on the property.","Return Receipt Rc'd","6/2/2021 3:44:49 PM","9/29/2021 8:08:48 AM",0,NA,11377767.27,6850360.69,"727",727,"N Liberty St","Harrisonburg","VA",22802,"040 S  9-A","2be95092-7fe2-4ad0-95f2-58b15af85e10","Citizen","P&Z","5/31/2021 12:00:00 AM",1,1,NA,NA,NA,NA,NA,NA,NA,NA,NA,NA,NA,NA,NA,NA,NA,NA,c(-78.8672129, 38.4588434)
"61",1340,226222,"Code Incident","Tall Grass and Weeds","True",2021-05-17,"2105C-0012-TGW","Anonymous","704 N Liberty St","Tall grass on the property.","Return Receipt Rc'd","5/21/2021 12:00:00 AM","9/29/2021 8:09:23 AM",0,NA,11377876.35,6850123.08,"704",704,"N Liberty St","Harrisonburg","VA",22802,"040 N  1 2","15248b2a-97a9-44fd-a5e7-088f6946317e","Citizen","P&Z","5/31/2021 12:00:00 AM",1,1,NA,NA,NA,NA,NA,NA,NA,NA,NA,NA,NA,NA,NA,NA,NA,NA,c(-78.8668287, 38.4581921)
"62",1342,226232,"Code Incident","Tall Grass and Weeds","True",2021-05-18,"2105C-0014-TGW","Anonymous","302 W Bruce St","Tall grass and weeds on property.","Return Receipt Rc'd","5/24/2021 3:36:14 PM","9/29/2021 8:10:38 AM",0,NA,11375603.16,6846495.6,"302",302,"W Bruce St","Harrisonburg","VA",22801,"025 A  1","b9ef58ee-b76f-49cd-a9a4-7bab1323b4e5","Citizen","P&Z","6/1/2021 12:00:00 AM",1,1,NA,NA,NA,NA,NA,NA,NA,NA,NA,NA,NA,NA,NA,NA,NA,NA,c(-78.8747155, 38.4482061)
"63",1344,226243,"Code Incident","Tall Grass and Weeds","True",2021-05-18,"2105C-0017-TGW","Anonymous","206 Campbell St","Tall grass on property.","Return Receipt Rc'd","5/21/2021 12:00:00 AM","9/29/2021 8:12:02 AM",0,NA,11377673.98,6845455.75,"206",206,"Campbell St","Harrisonburg","VA",22801,"026 N  1","e2bd2d51-0b84-4508-b61a-4ff1bbd7b24f","Citizen","P&Z","6/1/2021 12:00:00 AM",1,1,NA,NA,NA,NA,NA,NA,NA,NA,NA,NA,NA,NA,NA,NA,NA,NA,c(-78.8674701, 38.4453737)
"64",1347,226320,"Code Incident","Tall Grass and Weeds","True",2021-05-27,"2105C-0031-TGW","Anonymous","981 Smith Ave","Tall grass on vacant lot.","Return Receipt Rc'd","6/1/2021 12:00:00 AM","9/29/2021 8:13:51 AM",0,NA,11373466.88,6853221.53,"981",981,"Smith Ave","Harrisonburg","VA",22802,"048 I 14","efb5623d-c4b5-4471-bc06-d24a3893b210","Citizen","P&Z","6/10/2021 12:00:00 AM",1,1,NA,NA,NA,NA,NA,NA,NA,NA,NA,NA,NA,NA,NA,NA,NA,NA,c(-78.8822726, 38.4666508)
"65",1352,226337,"Code Incident","Tall Grass and Weeds","True",2021-05-28,"2105C-0040-TGW","Anonymous","173 Logan Ln","Tall grass on property.","Return Receipt Rc'd","6/9/2021 12:00:00 AM","9/29/2021 8:16:57 AM",0,NA,11373011.26,6843399.84,"173",173,"Logan Ln","Harrisonburg","VA",22801,"018 AA32","15d6b33d-8a49-4be5-9ac1-0d76b4887291","Citizen","P&Z","6/11/2021 12:00:00 AM",1,1,NA,NA,NA,NA,NA,NA,NA,NA,NA,NA,NA,NA,NA,NA,NA,NA,c(-78.8837205, 38.4396759)
"66",1353,226380,"Code Incident","Tall Grass and Weeds","True",2021-06-01,"2106C-0002-TGW","Anonymous","765 Keezletown Rd","Tall grass on property. ","Return Receipt Rc'd","6/3/2021 12:00:00 AM","9/29/2021 8:17:22 AM",0,NA,11386707.11,6840708.79,"765",765,"Keezletown Rd","Harrisonburg","VA",22802,"073 A 13 14","99ddde0e-75b7-494b-a7ca-df32ebcefd6c","Citizen","P&Z","6/15/2021 12:00:00 AM",1,1,NA,NA,NA,NA,NA,NA,NA,NA,NA,NA,NA,NA,NA,NA,NA,NA,c(-78.8358693, 38.4324338)
"67",1354,226383,"Code Incident","Tall Grass and Weeds","True",2021-06-01,"2106C-0003-TGW","Anonymous","1911 W Market St","Tall grass on property. ","Return Receipt Rc'd","6/9/2021 11:37:35 AM","9/29/2021 8:17:46 AM",0,NA,11367966.55,6849164.11,"1911",1911,"W Market St","Harrisonburg","VA",22801,"123 A  4","639de4ac-655a-4ba9-a9a1-1c4a3c42353b","Citizen","P&Z","6/15/2021 12:00:00 AM",1,1,NA,NA,NA,NA,NA,NA,NA,NA,NA,NA,NA,NA,NA,NA,NA,NA,c(-78.9014212, 38.455445)
"68",1355,226385,"Code Incident","Tall Grass and Weeds","True",2021-06-01,"2106C-0004-TGW","Anonymous","1080 Star Crest Dr","Tall grass on property.","Return Receipt Rc'd","6/15/2021 12:00:00 AM","9/29/2021 8:18:07 AM",0,NA,11383277.5,6845932.66,"1080",1080,"Star Crest Dr","Harrisonburg","VA",22802,"029 A  1","cfbe9605-f80e-4a7c-b7dc-87774be4e4b6","Citizen","P&Z","6/15/2021 12:00:00 AM",1,1,NA,NA,NA,NA,NA,NA,NA,NA,NA,NA,NA,NA,NA,NA,NA,NA,c(-78.8479111, 38.4467432)
"69",1356,226387,"Code Incident","Tall Grass and Weeds","True",2021-06-01,"2106C-0005-TGW","Anonymous","2460 E Market St","Tall grass on empty lot.","Return Receipt Rc'd","6/9/2021 11:25:53 AM","9/29/2021 8:18:27 AM",0,NA,11386453.29,6835800.4,"2460",2460,"E Market St","Harrisonburg","VA",22801,"069 B  5  74 B  1 10","da500ca0-7ba0-4180-bfea-c8eab53111e8","Citizen","P&Z","6/15/2021 12:00:00 AM",1,1,NA,NA,NA,NA,NA,NA,NA,NA,NA,NA,NA,NA,NA,NA,NA,NA,c(-78.8366925, 38.4189531)
"70",1375,228259,"Code Incident","Tall Grass and Weeds","True",2021-09-30,"2109C-0033-TGW","Anonymous","1385 Port Republic Rd","Tall grass and weeds.","Violations Remedied","10/15/2021 12:30:00 AM","10/14/2021 8:10:06 AM",0,NA,11378192.95,6833817.27,"1385",1385,"Port Republic Rd","Harrisonburg","VA",22801,"088 I  8","0b0c8146-6e06-42af-884c-7a46637f44f8","Citizen","P&Z","",0,0,NA,NA,NA,NA,NA,NA,NA,NA,NA,NA,NA,NA,NA,NA,NA,NA,c(-78.8654963, 38.4134208)
"71",1378,228260,"Code Incident","Tall Grass and Weeds","False",2021-09-30,"2109C-0034-TGW","Anonymous","1381 Little Sorrell Dr","Tall grass and weeds.","Return Receipt Rc'd","10/12/2021 2:59:55 PM","10/15/2021 2:21:44 PM",0,NA,11377947.94,6833939.54,"1381",1381,"Little Sorrell Dr","Harrisonburg","VA",22801,"088 H  8","ab52d6a1-8080-4e0d-b24a-470f72436574","Citizen","P&Z","",0,0,NA,NA,NA,NA,NA,NA,NA,NA,NA,NA,NA,NA,NA,NA,NA,NA,c(-78.8663531, 38.4137539)
"72",1385,228239,"Code Incident","Tall Grass and Weeds","True",2021-09-28,"2109C-0029-TGW","Anonymous","2125 Whispering Springs Rd","Tall grass and weeds.","Violations Remedied","10/11/2021 12:30:00 AM","10/26/2021 3:57:35 PM",0,NA,11372511.01,6834219.15,"2125",2125,"Whispering Springs Rd","Harrisonburg","VA",22801,"003 C 24","8708c82c-7fbc-4357-8efc-9fa585b1a600","Citizen","P&Z","10/12/2021 12:00:00 AM",1,1,NA,NA,NA,NA,NA,NA,NA,NA,NA,NA,NA,NA,NA,NA,NA,NA,c(-78.8853325, 38.4144605)
"73",1387,228055,"Code Incident","Tall Grass and Weeds","True",2021-09-24,"2109C-0023-TGW","","765 Foley Rd","Tall grass and weeds on property. ","Violations Remedied","10/7/2021 12:30:00 AM","10/26/2021 4:00:38 PM",0,NA,11380332.96,6836763.14,"765",765,"Foley Rd","Harrisonburg","VA",22801,"084 A 11","5f3f8298-9e6b-4c27-afbc-1cec1147a299","Citizen","P&Z","10/8/2021 12:00:00 AM",1,1,NA,NA,NA,NA,NA,NA,NA,NA,NA,NA,NA,NA,NA,NA,NA,NA,c(-78.8580676, 38.4215332)
"74",1388,228270,"Code Incident","Tall Grass and Weeds","True",2021-10-01,"2110C-0001-TGW","Anonymous","1040 Star Cir","Tall grass and weeds.","Violations Remedied","10/15/2021 12:30:00 AM","10/26/2021 4:01:35 PM",0,NA,11371393.35,6830075.89,"1040",1040,"Star Cir","Harrisonburg","VA",22801,"097 G 21","95de9d12-7d7e-446a-8cd8-8437d2ad106c","Citizen","P&Z","",0,0,NA,NA,NA,NA,NA,NA,NA,NA,NA,NA,NA,NA,NA,NA,NA,NA,c(-78.889172, 38.4030704)
"75",1504,147450,"Code Incident","Tall Grass and Weeds","True",2018-07-17,"1807C-0046-TGW","Anonymous","241 Blue Ridge Dr","grass","Violations Remedied","7/27/2018 4:00:00 PM","3/24/2022 1:10:07 PM",0,NA,11382279.51,6844280.2,"241",241,"Blue Ridge Dr","Harrisonburg","VA",22802,"028 G  1","65316cb6-5d26-4dac-be18-9b3399cf4efc","CE Officer","P&Z","",0,0,NA,NA,NA,NA,NA,NA,NA,NA,NA,NA,NA,NA,NA,NA,NA,NA,c(-78.8513737, 38.4421952)
"76",1595,231736,"Code Incident","Tall Grass and Weeds","False",2022-05-24,"2205C-0046-TGW","Anonymous","409 S Main St","Testing Testing Testing ","Tall Weeds and Grass Notice","5/24/2022 11:24:26 AM","5/24/2022 11:51:05 AM",0,NA,11376935.93,6845619.3,"409",409,"S Main St","Harrisonburg","VA",22801,"025 J 10","c042aa8b-e200-434f-a7b0-6ca906473a49","Citizen","P&Z","6/3/2022 12:00:00 AM",1,1,NA,NA,NA,NA,NA,NA,NA,NA,NA,NA,NA,NA,NA,NA,NA,NA,c(-78.8700494, 38.4458147)
"77",1600,231496,"Code Incident","Tall Grass and Weeds","True",2022-05-09,"2205C-0014-TGW","Anonymous","983 Smith Ave","Tall grass and weeds","Violations Remedied","5/26/2022 4:45:00 PM","5/26/2022 4:34:14 PM",0,NA,11373426.44,6853284.41,"983",983,"Smith Ave","Harrisonburg","VA",22802,"048 I 15","2d435d3a-219a-47de-8c0d-bc6f871b5b2a","Citizen","P&Z","5/26/2022 4:00:00 PM",0,1,NA,NA,NA,NA,NA,NA,NA,NA,NA,NA,NA,NA,NA,NA,NA,NA,c(-78.8824147, 38.466823)
"78",1601,231495,"Code Incident","Tall Grass and Weeds","True",2022-05-09,"2205C-0013-TGW","Anonymous","981 Smith Ave","Tall Grass and Weeds","Violations Remedied","5/26/2022 4:45:00 PM","5/26/2022 4:34:26 PM",0,NA,11373425.51,6853245.41,"981",981,"Smith Ave","Harrisonburg","VA",22802,"048 I 14","9371b3c5-4677-4fc6-966d-99983e373373","Citizen","P&Z","",0,0,NA,NA,NA,NA,NA,NA,NA,NA,NA,NA,NA,NA,NA,NA,NA,NA,c(-78.8824174, 38.4667159)
"79",1602,231334,"Code Incident","Tall Grass and Weeds","True",2022-04-29,"2204C-0024-TGW","Anonymous","1204 Goldfinch Dr","Tall grass","Violations Remedied","4/29/2022 11:15:00 AM","5/27/2022 10:50:44 AM",0,NA,11384302.43,6847488.34,"1204",1204,"Goldfinch Dr","Harrisonburg","VA",22802,"031 G 28","c625bcc9-07a6-4f56-80b0-f251b5917ffc","Citizen","P&Z","",0,0,NA,NA,NA,NA,NA,NA,NA,NA,NA,NA,NA,NA,NA,NA,NA,NA,c(-78.8443528, 38.4510256)
"80",1603,231333,"Code Incident","Tall Grass and Weeds","True",2022-04-29,"2204C-0023-TGW","Anonymous","1210 Goldfinch Dr","Tall grass","Violations Remedied","4/29/2022 11:15:00 AM","5/27/2022 10:51:25 AM",0,NA,11384354.22,6847457.21,"1210",1210,"Goldfinch Dr","Harrisonburg","VA",22802,"031 G 31","248a616e-3cbc-4c4f-8f1a-06dc5dd7edc5","Citizen","P&Z","",0,0,NA,NA,NA,NA,NA,NA,NA,NA,NA,NA,NA,NA,NA,NA,NA,NA,c(-78.8441715, 38.4509407)
"81",1608,231770,"Code Incident","Tall Grass and Weeds","True",2022-05-26,"2205C-0049-TGW","Anonymous","901 S High St","Tall grass and weeds","Violations Remedied","5/31/2022 12:30:00 PM","5/31/2022 12:25:08 PM",0,NA,11372688.89,6843850.39,"901",901,"S High St","Harrisonburg","VA",22801,"023 B 57","931b397e-95fc-4eee-88fa-a41faee41e89","Citizen","P&Z","",0,1,NA,NA,NA,NA,NA,NA,NA,NA,NA,NA,NA,NA,NA,NA,NA,NA,c(-78.8848526, 38.4409094)
"82",1620,231318,"Code Incident","Tall Grass and Weeds","True",2022-04-28,"2204C-0022-TGW","Anonymous","847 Stuart St","Complaint about TG&W in the front yard. Pasted to us from Real Estate Office.","Violations Remedied","6/3/2022 4:30:00 PM","6/3/2022 4:23:15 PM",0,NA,11376217.89,6851255.71,"847",847,"Stuart St","Harrisonburg","VA",22802,"039 H 28","5898c62d-f090-4ebe-98f8-02e8fc2b7017","Citizen","P&Z","5/13/2022 5:30:00 PM",0,1,NA,NA,NA,NA,NA,NA,NA,NA,NA,NA,NA,NA,NA,NA,NA,NA,c(-78.8726364, 38.4612839)
"83",1626,231659,"Code Incident","Tall Grass and Weeds","True",2022-05-18,"2205C-0039-TGW","Tyler Blanks","723 N Liberty St","TGW in the front and side yard.","Violations Remedied","6/10/2022 12:30:00 PM","6/10/2022 12:16:20 PM",0,NA,11377740.91,6850299.61,"723",723,"N Liberty St","Harrisonburg","VA",22802,"040 S  9","74a9ff61-8b9e-495b-bd90-b5e15c41fecb","CE Officer","P&Z","6/1/2022 12:45:00 PM",0,1,NA,NA,NA,NA,NA,NA,NA,NA,NA,NA,NA,NA,NA,NA,NA,NA,c(-78.8673041, 38.4586754)
"84",1629,231984,"Code Incident","Tall Grass and Weeds","False",2022-06-13,"2206C-0014-TGW","Anonymous","711 Foley Rd","Tall grass and weeds.","Tall Weeds and Grass Notice","6/13/2022 4:01:17 PM","6/13/2022 4:08:25 PM",0,NA,11381279.11,6836837.24,"711",711,"Foley Rd","Harrisonburg","VA",22801,"084 A  2","a64142cd-84b5-4dc3-82ca-deb5c082d7fc","Citizen","P&Z","6/18/2022 12:00:00 AM",1,1,NA,NA,NA,NA,NA,NA,NA,NA,NA,NA,NA,NA,NA,NA,NA,NA,c(-78.8547661, 38.4217467)
"85",1635,231779,"Code Incident","Tall Grass and Weeds","True",2022-05-27,"2205C-0053-TGW","Anonymous","680 S Mason St","Tall grass","Violations Remedied","6/15/2022 12:30:00 AM","6/15/2022 11:48:52 AM",0,NA,11376807.46,6843993.2,"680",680,"S Mason St","Harrisonburg","VA",22801,"016 D  3","fd6a5f86-4425-4c69-964c-0811aa04f1aa","Citizen","P&Z","6/10/2022 12:00:00 AM",1,1,NA,NA,NA,NA,NA,NA,NA,NA,NA,NA,NA,NA,NA,NA,NA,NA,c(-78.8704751, 38.4413481)
"86",1636,231902,"Code Incident","Tall Grass and Weeds","True",2022-06-08,"2206C-0009-TGW","Anonymous","98 Kenmore St","Tall Grass and Weeds on the Property","Violations Remedied","6/20/2022 9:58:00 AM","6/15/2022 12:49:32 PM",0,NA,11380324.81,6844910.74,"98",98,"Kenmore St","Harrisonburg","VA",22801,"027 M  5","81ddfc6f-ade6-4ab6-b947-9f73e46fbf11","Citizen","P&Z","6/13/2022 8:45:00 AM",0,1,NA,NA,NA,NA,NA,NA,NA,NA,NA,NA,NA,NA,NA,NA,NA,NA,c(-78.8582071, 38.4439059)
"87",1637,231919,"Code Incident","Tall Grass and Weeds","True",2022-06-08,"2206C-0010-TGW","Anonymous","206 Campbell St","TGW in the front and rear yard","Violations Remedied","6/16/2022 1:00:00 PM","6/15/2022 12:49:49 PM",0,NA,11377680.33,6845435.76,"206",206,"Campbell St","Harrisonburg","VA",22801,"026 N  1","03cca8e3-0c55-4da7-a952-d70f5504f960","Citizen","P&Z","",0,0,NA,NA,NA,NA,NA,NA,NA,NA,NA,NA,NA,NA,NA,NA,NA,NA,c(-78.8674477, 38.4453189)
"88",1645,231805,"Code Incident","Tall Grass and Weeds","True",2022-05-31,"2205C-0065-TGW","Anonymous","411 Collicello St","Tall grass and weeds","Violations Remedied","5/31/2022 3:45:00 PM","6/17/2022 11:35:40 AM",0,NA,11376803.72,6848690.93,"411",411,"Collicello St","Harrisonburg","VA",22802,"035 G  3","20fdfe65-fe11-43c9-b01a-1847e50b18dd","Citizen","P&Z","",0,0,NA,NA,NA,NA,NA,NA,NA,NA,NA,NA,NA,NA,NA,NA,NA,NA,c(-78.8705543, 38.4542477)
"89",1660,231856,"Code Incident","Tall Grass and Weeds","True",2022-06-03,"2206C-0008-TGW","Anonymous","105 N Willow St","Tall grass and weeds. ","Violations Remedied","6/27/2022 3:44:00 PM","6/27/2022 10:59:29 AM",0,NA,11375027.22,6848188.09,"105",105,"N Willow St","Harrisonburg","VA",22802,"036 L  1","8901cae4-d599-4dd3-bae7-1fa0b6fa1053","Citizen","P&Z","",0,0,NA,NA,NA,NA,NA,NA,NA,NA,NA,NA,NA,NA,NA,NA,NA,NA,c(-78.8767507, 38.4528471)
"90",1662,232019,"Code Incident","Tall Grass and Weeds","True",2022-06-15,"2206C-0022-TGW","Anonymous","2310 Ridgeville Ln","TG&W","Violations Remedied","6/22/2022 12:52:00 PM","6/28/2022 11:05:41 AM",0,NA,11380928.25,6836356.77,"2310",2310,"Ridgeville Ln","Harrisonburg","VA",22801,"084 P  1","91f14100-288e-490a-b83c-31373c79e40a","Citizen","P&Z","6/20/2022 2:30:00 PM",0,1,NA,NA,NA,NA,NA,NA,NA,NA,NA,NA,NA,NA,NA,NA,NA,NA,c(-78.8559843, 38.4204236)
"91",1664,231789,"Code Incident","Tall Grass and Weeds","True",2022-05-27,"2205C-0058-TGW","Anonymous","141 Emerald Dr","Tall grass and weeds","Violations Remedied","6/13/2022 5:38:00 PM","6/28/2022 11:08:06 AM",0,NA,11384675.7,6837220.4,"141",141,"Emerald Dr","Harrisonburg","VA",22801,"077 J  2","b668e608-157c-4f8f-b055-2c7d95e8782d","Citizen","P&Z","6/5/2022 3:00:00 PM",1,1,NA,NA,NA,NA,NA,NA,NA,NA,NA,NA,NA,NA,NA,NA,NA,NA,c(-78.8429154, 38.4228343)
"92",1668,231522,"Code Incident","Tall Grass and Weeds","True",2022-05-10,"2205C-0017-TGW","Anonymous","1205 Windsor Rd","TGW","Violations Remedied","6/27/2022 12:21:00 PM","6/28/2022 11:08:50 AM",0,NA,11379183.09,6836098.35,"1205",1205,"Windsor Rd","Harrisonburg","VA",22801,"084 D 20","dd44b64b-d846-4bfd-a9c1-f1e5fac4c3b6","Citizen","P&Z","6/9/2022 2:46:00 PM",0,1,NA,NA,NA,NA,NA,NA,NA,NA,NA,NA,NA,NA,NA,NA,NA,NA,c(-78.8620721, 38.4196953)
"93",1681,232220,"Code Incident","Tall Grass and Weeds","False",2022-07-06,"2207C-0002-TGW","Anonymous","904 Vine St","Tall grass and weeds.","Tall Weeds and Grass Notice","7/8/2022 1:40:21 PM","7/8/2022 1:58:24 PM",0,NA,11382102.38,6846405.41,"904",904,"Vine St","Harrisonburg","VA",22802,"028 N 44","22f32515-df6a-449f-8c47-5ac7bf53b3b3","Citizen","P&Z","",0,0,NA,NA,NA,NA,NA,NA,NA,NA,NA,NA,NA,NA,NA,NA,NA,NA,c(-78.8520206, 38.4480291)
"94",1682,232223,"Code Incident","Tall Grass and Weeds","False",2022-07-06,"2207C-0005-TGW","Anonymous","910 Vine St","Tall grass and weeds.","Tall Weeds and Grass Notice","7/8/2022 2:09:06 PM","7/8/2022 2:31:32 PM",0,NA,11382127.1,6846355.92,"910",910,"Vine St","Harrisonburg","VA",22802,"028 N 47","0a6f5ad0-f9a5-4a69-9a32-8620f3df97c0","Citizen","P&Z","",0,0,NA,NA,NA,NA,NA,NA,NA,NA,NA,NA,NA,NA,NA,NA,NA,NA,c(-78.8519336, 38.4478934)
"95",1694,231983,"Code Incident","Tall Grass and Weeds","False",2022-06-13,"2206C-0013-TGW","Anonymous","717 Foley Rd","Tall grass and weeds.","Return Receipt Rc'd","6/23/2022 12:00:00 AM","7/12/2022 11:50:51 AM",0,NA,11381188.27,6836829.72,"717",717,"Foley Rd","Harrisonburg","VA",22801,"084 A  3","f4256bb7-9207-4fe4-a0ed-886a3b13104c","Citizen","P&Z","6/18/2022 12:00:00 AM",1,1,NA,NA,NA,NA,NA,NA,NA,NA,NA,NA,NA,NA,NA,NA,NA,NA,c(-78.8550831, 38.4217251)
"96",1703,231982,"Code Incident","Tall Grass and Weeds","True",2022-06-13,"2206C-0012-TGW","Anonymous","774 Foley Rd","Tall grass and weeds.","Violations Remedied","6/29/2022 12:30:00 AM","7/19/2022 3:22:38 PM",0,NA,11380315.4,6836308.48,"774",774,"Foley Rd","Harrisonburg","VA",22801,"084 C 13","f124ce31-dc33-4ac4-8877-abdf2a797e85","Citizen","P&Z","6/18/2022 12:00:00 AM",1,1,NA,NA,NA,NA,NA,NA,NA,NA,NA,NA,NA,NA,NA,NA,NA,NA,c(-78.8581227, 38.4202845)
"97",1705,232636,"Code Incident","Tall Grass and Weeds","False",2022-07-11,"2207C-0014-TGW","Anonymous","88 Kenmore St","Tall grass and weeds on an undeveloped property.","Return Receipt Rc'd","7/15/2022 12:00:00 AM","7/20/2022 12:20:15 PM",0,NA,11380475.5,6845018.71,"88",88,"Kenmore St","Harrisonburg","VA",22801,"027 M  6","459160df-e413-468a-ab1e-970052572eda","Citizen","P&Z","7/16/2022 10:30:00 AM",1,1,NA,NA,NA,NA,NA,NA,NA,NA,NA,NA,NA,NA,NA,NA,NA,NA,c(-78.8576824, 38.444204)
"98",1706,232221,"Code Incident","Tall Grass and Weeds","False",2022-07-06,"2207C-0003-TGW","Anonymous","906 Vine St","Tall grass and weeds.","Return Receipt Rc'd","7/18/2022 12:00:00 AM","7/20/2022 12:25:30 PM",0,NA,11382108.97,6846389.98,"906",906,"Vine St","Harrisonburg","VA",22802,"028 N 45","b0f8c392-0e59-43f3-86d8-53ed63414df1","Citizen","P&Z","",0,0,NA,NA,NA,NA,NA,NA,NA,NA,NA,NA,NA,NA,NA,NA,NA,NA,c(-78.8519974, 38.4479868)
"99",1709,232770,"Code Incident","Tall Grass and Weeds","False",2022-07-19,"2207C-0023-TGW","Anonymous","1205 Windsor Rd","Tall grass on the property","Verbal Notice","7/20/2022 5:04:13 PM","7/21/2022 10:07:44 AM",0,NA,11379202.31,6836102.87,"1205",1205,"Windsor Rd","Harrisonburg","VA",22801,"084 D 20","95f0744c-f3ca-453a-8612-1d6f33bc7111","Citizen","P&Z","",0,0,NA,NA,NA,NA,NA,NA,NA,NA,NA,NA,NA,NA,NA,NA,NA,NA,c(-78.862005, 38.4197079)
"100",1715,232254,"Code Incident","Tall Grass and Weeds","True",2022-07-08,"2207C-0013-TGW","Anonymous","1767 Pear St","Tall grass and weeds.","Violations Remedied","7/19/2022 12:30:00 AM","7/21/2022 4:29:06 PM",0,NA,11369003.44,6841066.57,"1767",1767,"Pear St","Harrisonburg","VA",22801,"009 T  2","e2422e93-f821-4b1e-928c-288a1b0fd6ae","Citizen","P&Z","",0,0,NA,NA,NA,NA,NA,NA,NA,NA,NA,NA,NA,NA,NA,NA,NA,NA,c(-78.8976778, 38.4332221)
"101",4,232220,"Code Incident","Tall Grass and Weeds","False",2022-07-06,"2207C-0002-TGW","Anonymous","904 Vine St","Tall grass and weeds.","Tall Weeds and Grass Notice","7/8/2022 1:40:21 PM","7/8/2022 1:58:24 PM",0,NA,11382102.38,6846405.41,"904",904,"Vine St","Harrisonburg","VA",22802,"028 N 44","22f32515-df6a-449f-8c47-5ac7bf53b3b3","Citizen","P&Z","",0,0,NA,NA,NA,NA,NA,NA,NA,NA,NA,NA,NA,NA,NA,NA,NA,NA,c(-78.8520206, 38.4480291)
"102",7,232254,"Code Incident","Tall Grass and Weeds","True",2022-07-08,"2207C-0013-TGW","Anonymous","1767 Pear St","Tall grass and weeds.","Violations Remedied","7/19/2022 12:30:00 AM","7/21/2022 4:29:06 PM",0,NA,11369003.44,6841066.57,"1767",1767,"Pear St","Harrisonburg","VA",22801,"009 T  2","e2422e93-f821-4b1e-928c-288a1b0fd6ae","Citizen","P&Z","",0,0,NA,NA,NA,NA,NA,NA,NA,NA,NA,NA,NA,NA,NA,NA,NA,NA,c(-78.8976778, 38.4332221)
"103",12,232636,"Code Incident","Tall Grass and Weeds","True",2022-07-11,"2207C-0014-TGW","Anonymous","88 Kenmore St","Tall grass and weeds on an undeveloped property.","Violations Remedied","7/25/2022 12:30:00 AM","7/25/2022 10:47:24 AM",0,NA,11380475.5,6845018.71,"88",88,"Kenmore St","Harrisonburg","VA",22801,"027 M  6","459160df-e413-468a-ab1e-970052572eda","Citizen","P&Z","7/16/2022 10:30:00 AM",0,1,NA,NA,NA,NA,NA,NA,NA,NA,NA,NA,NA,NA,NA,NA,NA,NA,c(-78.8576824, 38.444204)
"104",50,233037,"Code Incident","Tall Grass and Weeds","False",2022-08-09,"2208C-0006-TGW","Anonymous","766 Madison St","Tall grass and weeds in the front yard.","2nd Notice - TGW","8/19/2022 11:46:41 AM","8/19/2022 3:49:49 PM",0,NA,11379157.54,6850044.89,"766",766,"Madison St","Harrisonburg","VA",22802,"041 M 11","b084b3b6-2f96-40ea-b913-d30fbf60e33e","Citizen","P&Z","8/13/2022 4:30:00 PM",1,1,NA,NA,NA,NA,NA,NA,NA,NA,NA,NA,NA,NA,NA,NA,NA,NA,c(-78.8623534, 38.4579914)
"105",54,233231,"Code Incident","Tall Grass and Weeds","False",2022-08-22,"2208C-0025-TGW","Anonymous","1970 Lynne Pl","Tall Grass and Weeds on the property","Tall Weeds and Grass Notice","8/23/2022 12:15:44 PM","8/23/2022 12:40:54 PM",0,NA,11368965.6,6839097.41,"1970",1970,"Lynne Pl","Harrisonburg","VA",22801,"009 M 14","d045daee-0ccf-4358-9371-fc73988dc99b","Citizen","P&Z","8/28/2022 9:15:00 AM",1,1,NA,NA,NA,NA,NA,NA,NA,NA,NA,NA,NA,NA,NA,NA,NA,NA,c(-78.8977802, 38.4278144)
"106",56,232223,"Code Incident","Tall Grass and Weeds","True",2022-07-06,"2207C-0005-TGW","Anonymous","910 Vine St","Tall grass and weeds.","Violations Remedied","8/1/2022 12:30:00 AM","8/23/2022 1:33:01 PM",0,NA,11382127.1,6846355.92,"910",910,"Vine St","Harrisonburg","VA",22802,"028 N 47","0a6f5ad0-f9a5-4a69-9a32-8620f3df97c0","Citizen","P&Z","",0,0,NA,NA,NA,NA,NA,NA,NA,NA,NA,NA,NA,NA,NA,NA,NA,NA,c(-78.8519336, 38.4478934)
"107",57,232221,"Code Incident","Tall Grass and Weeds","True",2022-07-06,"2207C-0003-TGW","Anonymous","906 Vine St","Tall grass and weeds.","Violations Remedied","7/25/2022 12:30:00 AM","8/23/2022 1:41:34 PM",0,NA,11382108.97,6846389.98,"906",906,"Vine St","Harrisonburg","VA",22802,"028 N 45","b0f8c392-0e59-43f3-86d8-53ed63414df1","Citizen","P&Z","",0,0,NA,NA,NA,NA,NA,NA,NA,NA,NA,NA,NA,NA,NA,NA,NA,NA,c(-78.8519974, 38.4479868)
"108",63,233283,"Code Incident","Tall Grass and Weeds","False",2022-08-26,"2208C-0030-TGW","Anonymous","2203 Reservoir St","Tall grass","Tall Weeds and Grass Notice","8/26/2022 10:12:09 AM","8/26/2022 10:26:48 AM",0,NA,11381575.95,6836754.23,"2203",2203,"Reservoir St","Harrisonburg","VA",22801,"080 A 14","73267056-c842-486c-a6ad-e4d2462104b5","Citizen","P&Z","",0,0,NA,NA,NA,NA,NA,NA,NA,NA,NA,NA,NA,NA,NA,NA,NA,NA,c(-78.8537289, 38.4215219)
"109",64,233284,"Code Incident","Tall Grass and Weeds","False",2022-08-26,"2208C-0031-TGW","Anonymous","2201 Reservoir St","Tall grass and weeds","Tall Weeds and Grass Notice","8/26/2022 10:27:00 AM","8/26/2022 10:28:33 AM",0,NA,11381581.01,6836771.85,"2201",2201,"Reservoir St","Harrisonburg","VA",22801,"080 A 15","01fa9ed7-898c-46ea-99f8-fe46da4f9b26","Citizen","P&Z","",0,0,NA,NA,NA,NA,NA,NA,NA,NA,NA,NA,NA,NA,NA,NA,NA,NA,c(-78.8537115, 38.4215704)
"110",67,232808,"Code Incident","Tall Grass and Weeds","True",2022-07-22,"2207C-0030-TGW","Anonymous","384 W Water St","Tall grass on the property.","Violations Remedied","8/29/2022 2:37:00 PM","8/29/2022 9:08:05 AM",0,NA,11375345.83,6846969.87,"384",384,"W Water St","Harrisonburg","VA",22801,"035 V  7","73e55254-bed6-4f74-bfba-b8a635ec5548","Citizen","P&Z","",0,0,NA,NA,NA,NA,NA,NA,NA,NA,NA,NA,NA,NA,NA,NA,NA,NA,c(-78.8756208, 38.4495055)
